-- phpMyAdmin SQL Dump
-- version 4.7.4
-- https://www.phpmyadmin.net/
--
-- Host: 127.0.0.1:3306
-- Generation Time: Sep 01, 2018 at 04:33 PM
-- Server version: 5.7.19
-- PHP Version: 5.6.31

SET SQL_MODE = "NO_AUTO_VALUE_ON_ZERO";
SET AUTOCOMMIT = 0;
START TRANSACTION;
SET time_zone = "+00:00";


/*!40101 SET @OLD_CHARACTER_SET_CLIENT=@@CHARACTER_SET_CLIENT */;
/*!40101 SET @OLD_CHARACTER_SET_RESULTS=@@CHARACTER_SET_RESULTS */;
/*!40101 SET @OLD_COLLATION_CONNECTION=@@COLLATION_CONNECTION */;
/*!40101 SET NAMES utf8mb4 */;

--
-- Database: `xp_market`
--
CREATE DATABASE IF NOT EXISTS `xp_market` DEFAULT CHARACTER SET utf8 COLLATE utf8_persian_ci;
USE `xp_market`;

-- --------------------------------------------------------

--
-- Table structure for table `admin`
--

DROP TABLE IF EXISTS `admin`;
CREATE TABLE IF NOT EXISTS `admin` (
  `id` int(11) NOT NULL AUTO_INCREMENT,
  `name` varchar(70) COLLATE utf8_persian_ci NOT NULL,
  `semat` varchar(50) COLLATE utf8_persian_ci NOT NULL,
  `username` varchar(60) COLLATE utf8_persian_ci NOT NULL,
  `password` varchar(60) COLLATE utf8_persian_ci NOT NULL,
  `permission` int(1) NOT NULL,
  PRIMARY KEY (`id`)
) ENGINE=MyISAM AUTO_INCREMENT=2 DEFAULT CHARSET=utf8 COLLATE=utf8_persian_ci;

--
-- Dumping data for table `admin`
--

INSERT INTO `admin` (`id`, `name`, `semat`, `username`, `password`, `permission`) VALUES
(1, 'محمد رضا حاج اسماعیلی', 'مدیر', 'mohammad', '123', 1);

-- --------------------------------------------------------

--
-- Table structure for table `basket`
--

DROP TABLE IF EXISTS `basket`;
CREATE TABLE IF NOT EXISTS `basket` (
  `id` int(11) NOT NULL AUTO_INCREMENT,
  `user_id` int(11) NOT NULL,
  `product_id` int(11) NOT NULL,
  `sell` tinyint(1) DEFAULT '0',
  `date` date NOT NULL,
  PRIMARY KEY (`id`)
) ENGINE=MyISAM DEFAULT CHARSET=utf8 COLLATE=utf8_persian_ci;

-- --------------------------------------------------------

--
-- Table structure for table `categoryb`
--

DROP TABLE IF EXISTS `categoryb`;
CREATE TABLE IF NOT EXISTS `categoryb` (
  `id` int(11) NOT NULL AUTO_INCREMENT,
  `name` varchar(50) COLLATE utf8_persian_ci NOT NULL,
  PRIMARY KEY (`id`)
) ENGINE=MyISAM AUTO_INCREMENT=18 DEFAULT CHARSET=utf8 COLLATE=utf8_persian_ci;

--
-- Dumping data for table `categoryb`
--

INSERT INTO `categoryb` (`id`, `name`) VALUES
(1, 'Kingston'),
(2, 'SAMSUNG'),
(3, 'Western Digital'),
(5, 'Intel'),
(6, 'AMD'),
(7, 'SEAGATE'),
(8, 'ASUS'),
(9, 'ZOTAC'),
(10, 'GIGABYTE'),
(14, 'MSI'),
(12, 'ADATA'),
(15, 'Corsair'),
(16, 'Apacer'),
(17, 'GeIL');

-- --------------------------------------------------------

--
-- Table structure for table `categoryp`
--

DROP TABLE IF EXISTS `categoryp`;
CREATE TABLE IF NOT EXISTS `categoryp` (
  `id` int(11) NOT NULL AUTO_INCREMENT,
  `name` char(50) COLLATE utf8_persian_ci NOT NULL,
  PRIMARY KEY (`id`)
) ENGINE=MyISAM AUTO_INCREMENT=17 DEFAULT CHARSET=utf8 COLLATE=utf8_persian_ci;

--
-- Dumping data for table `categoryp`
--

INSERT INTO `categoryp` (`id`, `name`) VALUES
(15, 'Random Access Memory'),
(2, 'Motherboard'),
(3, 'Graphics Card'),
(4, 'Central Processing Unit'),
(10, 'Power Converters'),
(11, 'Solid State Drive'),
(12, 'Hard Disk Drive');

-- --------------------------------------------------------

--
-- Table structure for table `comment_news`
--

DROP TABLE IF EXISTS `comment_news`;
CREATE TABLE IF NOT EXISTS `comment_news` (
  `id` int(11) NOT NULL AUTO_INCREMENT,
  `news_id` int(11) NOT NULL,
  `user_id` int(11) NOT NULL,
  `comment` text COLLATE utf8_persian_ci NOT NULL,
  `date` date NOT NULL,
  `time` time NOT NULL,
  `vaziat` tinyint(1) NOT NULL DEFAULT '0',
  `reply` int(11) NOT NULL DEFAULT '0',
  PRIMARY KEY (`id`)
) ENGINE=MyISAM DEFAULT CHARSET=utf8 COLLATE=utf8_persian_ci;

-- --------------------------------------------------------

--
-- Table structure for table `comment_product`
--

DROP TABLE IF EXISTS `comment_product`;
CREATE TABLE IF NOT EXISTS `comment_product` (
  `id` int(11) NOT NULL AUTO_INCREMENT,
  `product_id` int(11) NOT NULL,
  `user_id` int(11) NOT NULL,
  `comment` text COLLATE utf8_persian_ci NOT NULL,
  `date` date NOT NULL,
  `time` time NOT NULL,
  `vaziat` tinyint(1) NOT NULL DEFAULT '0',
  `reply` int(11) NOT NULL DEFAULT '0',
  PRIMARY KEY (`id`)
) ENGINE=MyISAM DEFAULT CHARSET=utf8 COLLATE=utf8_persian_ci;

-- --------------------------------------------------------

--
-- Table structure for table `contact`
--

DROP TABLE IF EXISTS `contact`;
CREATE TABLE IF NOT EXISTS `contact` (
  `id` int(4) NOT NULL AUTO_INCREMENT,
  `name` varchar(50) COLLATE utf8_persian_ci NOT NULL,
  `email` varchar(50) COLLATE utf8_persian_ci NOT NULL,
  `content` text COLLATE utf8_persian_ci NOT NULL,
  `vaziat` tinyint(1) NOT NULL DEFAULT '0',
  PRIMARY KEY (`id`)
) ENGINE=MyISAM DEFAULT CHARSET=utf8 COLLATE=utf8_persian_ci;

-- --------------------------------------------------------

--
-- Table structure for table `news`
--

DROP TABLE IF EXISTS `news`;
CREATE TABLE IF NOT EXISTS `news` (
  `id` int(11) NOT NULL AUTO_INCREMENT,
  `subject` varchar(200) COLLATE utf8_persian_ci NOT NULL,
  `content` text COLLATE utf8_persian_ci NOT NULL,
  `date` date NOT NULL,
  `time` time DEFAULT NULL,
  PRIMARY KEY (`id`)
) ENGINE=MyISAM AUTO_INCREMENT=7 DEFAULT CHARSET=utf8 COLLATE=utf8_persian_ci;

--
-- Dumping data for table `news`
--

INSERT INTO `news` (`id`, `subject`, `content`, `date`, `time`) VALUES
(1, 'تخفیف تابستانه ', 'با تو جه به موضوع با تو جه به موضوع با تو جه به موضوع با تو جه به موضوع با تو جه به موضوع با تو جه به موضوع با تو جه به موضوع با تو جه به موضوع با تو جه به موضوع با تو جه به موضوع با تو جه به موضوع با تو جه به موضوع با تو جه به موضوع با تو جه به موضوع با تو جه به موضوع با تو جه به موضوع با تو جه به موضوع با تو جه به موضوع با تو جه به موضوع با تو جه به موضوع ', '2018-04-16', NULL),
(2, 'تخفیف زمستانه ', 'با تو جه به موضوع با تو جه به موضوع با تو جه به موضوع با تو جه به موضوع با تو جه به موضوع با تو جه به موضوع با تو جه به موضوع با تو جه به موضوع با تو جه به موضوع با تو جه به موضوع با تو جه به موضوع با تو جه به موضوع با تو جه به موضوع با تو جه به موضوع با تو جه به موضوع با تو جه به موضوع با تو جه به موضوع با تو جه به موضوع با تو جه به موضوع با تو جه به موضوع با تو جه به موضوع با تو جه به موضوع با تو جه به موضوع با تو جه به موضوع با تو جه به موضوع با تو جه به موضوع با تو جه به موضوع با تو جه به موضوع با تو جه به موضوع با تو جه به موضوع با تو جه به موضوع با تو جه به موضوع با تو جه به موضوع با تو جه به موضوع با تو جه به موضوع با تو جه به موضوع با تو جه به موضوع با تو جه به موضوع با تو جه به موضوع با تو جه به موضوع با تو جه به موضوع با تو جه به موضوع با تو جه به موضوع با تو جه به موضوع با تو جه به موضوع با تو جه به موضوع با تو جه به موضوع با تو جه به موضوع با تو جه به موضوع با تو جه به موضوع با تو جه به موضوع با تو جه به موضوع با تو جه به موضوع با تو جه به موضوع با تو جه به موضوع با تو جه به موضوع با تو جه به موضوع با تو جه به موضوع با تو جه به موضوع با تو جه به موضوع با تو جه به موضوع با تو جه به موضوع با تو جه به موضوع با تو جه به موضوع با تو جه به موضوع با تو جه به موضوع با تو جه به موضوع با تو جه به موضوع با تو جه به موضوع با تو جه به موضوع با تو جه به موضوع با تو جه به موضوع با تو جه به موضوع با تو جه به موضوع با تو جه به موضوع با تو جه به موضوع با تو جه به موضوع با تو جه به موضوع با تو جه به موضوع با تو جه به موضوع با تو جه به موضوع با تو جه به موضوع با تو جه به موضوع با تو جه به موضوع با تو جه به موضوع با تو جه به موضوع با تو جه به موضوع با تو جه به موضوع با تو جه به موضوع با تو جه به موضوع با تو جه به موضوع با تو جه به موضوع با تو جه به موضوع با تو جه به موضوع با تو جه به موضوع با تو جه به موضوع با تو جه به موضوع با تو جه به موضوع با تو جه به موضوع با تو جه به موضوع با تو جه به موضوع با تو جه به موضوع با تو جه به موضوع با تو جه به موضوع با تو جه به موضوع با تو جه به موضوع با تو جه به موضوع با تو جه به موضوع با تو جه به موضوع با تو جه به موضوع با تو جه به موضوع با تو جه به موضوع با تو جه به موضوع با تو جه به موضوع با تو جه به موضوع با تو جه به موضوع با تو جه به موضوع با تو جه به موضوع با تو جه به موضوع با تو جه به موضوع ', '2018-04-16', NULL),
(3, 'تخفیف پاییزه ', 'با تو جه به موضوع با تو جه به موضوع با تو جه به موضوع با تو جه به موضوع با تو جه به موضوع با تو جه به موضوع با تو جه به موضوع با تو جه به موضوع با تو جه به موضوع با تو جه به موضوع با تو جه به موضوع با تو جه به موضوع با تو جه به موضوع با تو جه به موضوع با تو جه به موضوع با تو جه به موضوع با تو جه به موضوع با تو جه به موضوع با تو جه به موضوع با تو جه به موضوع ', '2018-04-16', NULL),
(4, 'تخفیف بهار', '<p>با تو جه به موضوع با تو جه به موضوع با تو جه به موضوع با تو جه به موضوع با تو جه به موضوع با تو جه به موضوع با تو جه به موضوع با تو جه به موضوع با تو جه به موضوع با تو جه به موضوع با تو جه به موضوع با تو جه به موضوع با تو جه به موضوع با تو جه به موضوع با تو جه به موضوع با تو جه به موضوع با تو جه به موضوع با تو جه به موضوع با تو جه به موضوع با تو جه به موضوع با تو جه به موضوع با تو جه به موضوع با تو جه به موضوع با تو جه به موضوع با تو جه به موضوع با تو جه به موضوع با تو جه به موضوع با تو جه به موضوع با تو جه به موضوع با تو جه به موضوع با تو جه به موضوع با تو جه به موضوع با تو جه به موضوع با تو جه به موضوع با تو جه به موضوع با تو جه به موضوع با تو جه به موضوع با تو جه به موضوع با تو جه به موضوع با تو جه به موضوع با تو جه به موضوع با تو جه به موضوع با تو جه به موضوع با تو جه به موضوع با تو جه به موضوع با تو جه به موضوع با تو جه به موضوع با تو جه به موضوع با تو جه به موضوع با تو جه به موضوع با تو جه به موضوع با تو جه به موضوع با تو جه به موضوع با تو جه به موضوع با تو جه به موضوع با تو جه به موضوع با تو جه به موضوع با تو جه به موضوع با تو جه به موضوع با تو جه به موضوع با تو جه به موضوع با تو جه به موضوع با تو جه به موضوع با تو جه به موضوع با تو جه به موضوع با تو جه به موضوع با تو جه به موضوع با تو جه به موضوع با تو جه به موضوع با تو جه به موضوع با تو جه به موضوع با تو جه به موضوع با تو جه به موضوع با تو جه به موضوع با تو جه به موضوع با تو جه به موضوع با تو جه به موضوع با تو جه به موضوع با تو جه به موضوع با تو جه به موضوع با تو جه به موضوع با تو جه به موضوع با تو جه به موضوع با تو جه به موضوع با تو جه به موضوع با تو جه به موضوع با تو جه به موضوع با تو جه به موضوع با تو جه به موضوع با تو جه به موضوع با تو جه به موضوع با تو جه به موضوع با تو جه به موضوع با تو جه به موضوع با تو جه به موضوع با تو جه به موضوع با تو جه به موضوع با تو جه به موضوع با تو جه به موضوع با تو جه به موضوع با تو جه به موضوع با تو جه به موضوع با تو جه به موضوع با تو جه به موضوع با تو جه به موضوع با تو جه به موضوع با تو جه به موضوع با تو جه به موضوع با تو جه به موضوع با تو جه به موضوع با تو جه به موضوع با تو جه به موضوع با تو جه به موضوع با تو جه به موضوع با تو جه به موضوع با تو جه به موضوع با تو جه به موضوع با تو جه به موضوع با تو جه به موضوع با تو جه به موضوع</p>\r\n', '2018-04-16', NULL);

-- --------------------------------------------------------

--
-- Table structure for table `product`
--

DROP TABLE IF EXISTS `product`;
CREATE TABLE IF NOT EXISTS `product` (
  `id` int(11) NOT NULL AUTO_INCREMENT,
  `name` char(200) COLLATE utf8_persian_ci NOT NULL,
  `code` int(4) NOT NULL,
  `categoryp` int(11) NOT NULL,
  `categoryb` int(11) NOT NULL,
  `price` int(8) NOT NULL DEFAULT '0',
  `Description` text COLLATE utf8_persian_ci NOT NULL,
  `number` int(3) NOT NULL,
  `special` tinyint(1) NOT NULL,
  PRIMARY KEY (`id`)
) ENGINE=MyISAM AUTO_INCREMENT=20 DEFAULT CHARSET=utf8 COLLATE=utf8_persian_ci;

--
-- Dumping data for table `product`
--

INSERT INTO `product` (`id`, `name`, `code`, `categoryp`, `categoryb`, `price`, `Description`, `number`, `special`) VALUES
(1, 'پردازنده مرکزی اینتل سری Kaby Lake مدل Core i7-7700K', 100, 4, 5, 3279000, '<div class=\"c-mask__text c-mask__text--product-summary js-mask__text is-active\" style=\"max-height: unset; height: unset;\">پردازنده مرکزی Core i7-7700K شرکت اینتل (Intel)، جز هفتمین نسل از پردازنده&zwnj;های این شرکت است که با استفاده از معماری Kaby Lake&nbsp; ساخته شده&zwnj;اند. این سری از پردازنده&zwnj;های اینتل با فناوری ساخت (لیتوگرافی) 14 نانومتر تولید شده&zwnj;اند که از نظر مصرف توان کاملا بهینه هستند و بازده بالایی دارند. برای نصب این پردازنده، به مادربردی با سوکت LGA 1151 اینتل نیاز خواهید داشت. پردازنده&zwnj;ی مرکزی Core i7-7700K شرکت اینتل دارای 4 هسته پردازشی و 8 رشته (Thread) است. با وجود 4 هسته، پردازنده می&zwnj;تواند چندین برنامه به&zwnj;صورت هم&zwnj;زمان اجرا کند و عملکرد کلی سیستم هم دچار افت نشود؛ در حالی که استفاده از 8 رشته باعث می&zwnj;شود پردازنده بتواند وظایف محوله را به&zwnj;صورت موازی پیش ببرد و به سرعت بالاتر سیستم کامپیوتری منجر شود. فرکانس مرجع در این CPU برابر با مقدار 4.2 گیگاهرتز بوده که در حالت Boost تا 4.5 گیگاهرتز افزایش پیدا می&zwnj;کند. توان مصرف یا TDP در پردازنده&zwnj;ی مرکزی Core i7-7700K برابر با 91 وات است. شرکت اینتل پردازشگر گرافیکی Intel HD Graphics 630 را برای این پردازنده در نظر گرفته است. به کمک این پردازشگر گرافیکی می&zwnj;توان بدون نیاز به تهیه&zwnj;ی کارت گرافیک جداگانه اقدام به انجام فعالیت&zwnj;های گرافیکی غیرحرفه&zwnj;ای کرد.</div>\r\n', 20, 1),
(2, 'پردازنده مرکزی اینتل سری Kaby Lake مدل Core i5-7400', 101, 4, 5, 1959000, '<p><span style=\"font-family:verdana,geneva,sans-serif\">CPU یا پردازنده&zwnj;ی مرکزی &nbsp;Core i5-7400 محصولی از شرکت اینتل است که جزو سری Kaby Lake پردازنده&zwnj;های این شرکت است. نوع سوکت این پردازنده&zwnj;ی Intel LGA 1151 با لیتوگرافی 14 نانومتری است. پردازنده&zwnj;ی Core i5-7400 از نوع 64 بیتی است. پردازنده&zwnj;ی مرکزی i5-7400 شرکت اینتل دارای 4 هسته پردازشی و 4 رشته (Thread) است. با وجود 4 هسته، پردازنده می&zwnj;تواند چندین برنامه به&zwnj;صورت هم&zwnj;زمان اجرا کند و عملکرد کلی سیستم هم دچار افت نشود؛ در حالی که استفاده از 4 رشته باعث می&zwnj;شود پردازنده بتواند وظایف محوله را به&zwnj;صورت موازی پیش ببرد و به سرعت بالاتر سیستم کامپیوتری منجر شود. فرکانس مرجع در این CPU برابر با مقدار 3.0 گیگاهرتز بوده که در حالت Boost تا 3.5 گیگاهرتز افزایش پیدا می&zwnj;کند. توان مصرف یا TDP در پردازنده&zwnj;ی مرکزی Core i5-7400 برابر با 65 وات است. پردازش&zwnj;گر گرافیکی که به واسطه&zwnj;ی این CPU در اختیار کاربر قرار می&zwnj;گیرد Intel HD Graphics 630 است که به خوبی از پس پردازش&zwnj;های معمولی بر می&zwnj;آید و نیاز کاربر را از تهیه&zwnj;ی کارت گرافیک جداگانه مرتفع می&zwnj;کند.</span></p>\r\n', 20, 1),
(3, 'پردازنده مرکزی اینتل سری Skylake مدل Pentium G4400', 102, 4, 5, 629000, '<p><span style=\"font-family:verdana,geneva,sans-serif\">پردازنده&zwnj;ی مرکزی Pentium G3260 شرکت اینتل (Intel)، جز چهارمین نسل از پردازنده&zwnj;های این شرکت است که با استفاده از معماری Haswell ساخته شده&zwnj;اند. این سری از پردازنده&zwnj;های اینتل با لیتوگرافی 22 نانومتر تولید شده&zwnj;اند که از نظر مصرف توان، کاملا بهینه هستند و بازده&zwnj;ی بالایی دارند. برای نصب این پردازنده، به مادربردهای دارای سوکت LGA 1150 اینتل نیاز است. این پردازنده دارای 2 هسته پردازشی و 2 رشته (Thread) است. با وجود 2 هسته، امکان اجرای چند برنامه به&zwnj;صورت هم&zwnj;زمان، به گونه&zwnj;ای که عملکرد کلی سیستم دچار افت شدید نشود وجود دارد؛ حال اینکه استفاده از 2 رشته باعث می&zwnj;شود پردازنده بتواند وظایف محوله را به&zwnj;صورت موازی پیش ببرد و به سرعت بالای سیستم کامپیوتری منجر شود. فرکانس مرجع فعالیت Pentium G3240 معادل 3.3 گیگاهرتز است که از ضرب فرکانس مبنای 100 مگاهرتز در مولتی&zwnj;پلایر x33 حاصل می&zwnj;شود. 3 مگابایت حافظه&zwnj;ی کش سطح سه (L3) هم در این پردازنده به کار رفته &zwnj;است. این حافظه&zwnj;ی کش سطح سه (L3) که اینتل آن&zwnj; را Smart Cache می&zwnj;نامد، با ایجاد حافظه&zwnj;ی&zwnj;ای بسیار سریع جهت ذخیره&zwnj;سازی داده&zwnj;هایی که در صف پردازش هستند، به پردازنده کمک می&zwnj;کند عملکرد و سرعت کلی خود را تا حد ممکن ارتقا دهد. پردازنده&zwnj;ی Pentium G3260 اینتل می&zwnj;تواند حداکثر 32 گیگابایت حافظه&zwnj;ی رم DDR3 و DDR3L با فرکانس 1333 مگاهرتز را آدرس&zwnj;دهی کند تا بتوانید از حداکثر توانایی پردازنده&zwnj;ی خود استفاده کنید. پشتیبانی از مجموعه دستورالعمل&zwnj;های SSE4.2 و VT-x نویدبخش به&zwnj;روزبودن پردازنده و پشتیبانی آن از API های جدید برنامه&zwnj;نویسی است. پردازنده&zwnj;ی Pentium G3240 برای کامپیوتری که هدف آن انجام وظایف معمول روزانه از قبیل مرور صفحات اینترنتی، چک کردن ایمیل، ایجاد اسناد متنی و پخش فیلم و آهنگ است توصیه می&zwnj;شود.</span></p>\r\n', 20, 0),
(4, 'پردازنده مرکزی ای ام دی سری Vishera مدل FX-4320', 104, 4, 6, 218000, '<p><span style=\"font-family:verdana,geneva,sans-serif\">پردازنده&zwnj;ی مرکزی CPU شرکت &laquo;ای ام دی&raquo; (AMD) مدل &laquo;FX-4320&raquo; محصولی مناسب برای اجرای فعالیت&zwnj;های مالتی&zwnj;تسکینگ و حرفه&zwnj;ای است. پردازنده&zwnj;ی مرکزی FX-4320 از جدیدترین سوکت ارائه&zwnj;شده توسط شرکت ای ام دی یعنی AM3+ بهره می&zwnj;برد. سری پردازنده&zwnj;ای که FX-4320 از آن برای اجرای وظایف قدرت گرفته، Vishera است که تا 15 درصد باعث عملکرد بهتر در مقایسه با نمونه&zwnj;های مشابه این شرکت می&zwnj;شود. ضریب مولتی پلایر در این پردازنده 20 و نوع آن بسته است. فرکانس مبنا در این پردازنده&zwnj;ی شرکت ای ام دی 200 مگاهرتز است. حافظه&zwnj;ی Cache سطح یک در این پردازنده&zwnj;&lrm; 192 کیلوبایت به ازای هر هسته و حافظه&zwnj;ی Cache سطح دو در آن 4096 کیلوبایت به ازای هر هسته بوده و توان مصرفی (TDP) آن 95 وات است. به کمک چهار هسته&zwnj;ی ارائه&zwnj;شده روی پردازنده&zwnj;ی مرکزی FX-4320 می&zwnj;توانید چندین برنامه را به&zwnj;صورت هم&zwnj;زمان اجرا کنید و عملکرد کلی سیستم هم دچار افت نشود؛ درحالی&zwnj;که استفاده از چهار رشته باعث می&zwnj;شود پردازنده بتواند وظایف محوله را به&zwnj;صورت موازی پیش ببرد و به سرعت بالاتر سیستم کامپیوتری منجر شود. نوع حافظه&zwnj;ی پشتیبانی&zwnj;شده در این پردازنده از نوع DDR3 و نوع پردازنده&zwnj;ی آن 32 بیتی است.</span></p>\r\n', 0, 0),
(5, 'کارت گرافیک زوتک مدل GTX 1080 TI', 200, 3, 9, 7700000, '<p><span style=\"font-family:verdana,geneva,sans-serif\">کارت گرافیک زوتاک مدل GTX 1080 AMP Extreme دارای فن خنک کننده EKO بوده که این دسته از فن های خنک کننده دارای ساختاری کاملا متفاوت نسبت به فن های استاندارد بوده و از دو دسته تیغه دمنده برای تولید هوای خنک بهره می برند که نتیجه این امر افزایش 30 درصدی جریان هوای خنک برای تهویه بهتر سیستم کولینگ این قطعه میان سایر قطعات کامپیوتر خواهد بود. این محصول با بکارگیری سیستم هوشمند PowerBoost میزان نویز و نوسانات الکتریکی را تا حد ممکن تقلیل داده تا ضمن افزایش طول عمر و پایداری کارت گرافیک، شرایط لازم برای انجام عملیات اورکلاک و بهره مندی کامل از قدرت پردازنده گرافیکی را فراهم نماید.</span></p>\r\n', 19, 1),
(6, 'کارت گرافیک گیگابایت مدل AORUS GeForce GTX 1080 Ti', 201, 3, 10, 7150000, '<p><span style=\"font-family:verdana,geneva,sans-serif\">شرکت &laquo;گیگابایت&raquo; کارت گرافیکی را با نام &laquo;AORUS GeForce GTX 1080 Ti Waterforce Xtreme Edition 11G Rev 1&raquo; روانه بازار کرده که جزو کارت گرافیک&zwnj;های بالا رده&zwnj;ی این شرکت است. تراشه&zwnj;ی استفاده شده در این کارت گرافیک شرکت گیگابایت <span dir=\"LTR\">GeForce GTX 1080 Ti</span> است. شرکت گیگابایت 11 گگیابایت حافظه&zwnj;ی گرافیکی برای این محصول در نظر گرفته تا برای انجام پردازش&zwnj;های سنگین مناسب باشد و بتواند کاربر را در انجام بازی&zwnj;های کامپیوتری یا رندرهای گرافیکی در نرم&zwnj;افزارهای 3 بعدی همراهی کند. نوع حافظه&zwnj;ی ارائه شده روی این کارت گرافیک حرفه&zwnj;ای شرکت گیگابایت <span dir=\"LTR\">GDDR5X</span> است. این محصول می&zwnj;تواند در حالت اورکلاک 11448 مگاهرتز و در حالت گیمینگ 11232 مگاهرتز فرکانس موثر داشته باشد که مقدار بسیار زیادی برای یک کارت گرافیک به شمار می&zwnj;رود. در قسمت درگاه&zwnj;های این کارت گرافیک شاهد سه درگاه <span dir=\"LTR\">HDMI</span>، یک درگاه <span dir=\"LTR\">DVI-D</span> و سه درگاه <span dir=\"LTR\">DisplayPort</span>خواهیم بود. حداقل پاور پیشنهاد شده توسط شرکت گیگابایت برای این محصول 600 وات است. البته باید به این نکته اشاره شود که دو سوکت برق 8 پین <span dir=\"LTR\">PCI-E</span> روی این محصول ارائه شده است تا در زمان انجام پردازش&zwnj;های سنگین که نیاز به برق بیشتری در کارت گرافیک است، از آن بهره ببرد.</span></p>\r\n', 16, 1),
(7, 'کارت گرافیک ام اس آی مدل GeForce GTX 1060', 202, 3, 8, 4350000, '<p><span style=\"font-family:verdana,geneva,sans-serif\">کارت گرافیک &laquo;<span dir=\"LTR\">DUAL-GTX1060-O6G</span>&raquo; محصولی از شرکت &laquo;ایسوس&raquo; است که از تراشه&zwnj;ی ساخته&zwnj;شده توسط شرکت <span dir=\"LTR\">NVIDIA</span> بهره می&zwnj;برد. مقدار حافظه&zwnj;ی این کارت گرافیک برابر با 6 گیگابایت است که مقدار قابل قبولی برای انجام بازی&zwnj;های رایانه&zwnj;ای و پردازش&zwnj;های گرافیکی نیمه&zwnj;سنگین محسوب می&zwnj;شود. نوع حاظفه&zwnj;ی ارائه&zwnj;شده برای <span dir=\"LTR\">DUAL-GTX1060-O6G</span>، <span dir=\"LTR\">GDR5</span> بوده که از فرکانس مؤثر 8008 مگاهرتز و باس رابط 192 بیت بهره می&zwnj;برد. کارت گرافیک ایسوس مدل <span dir=\"LTR\">DUAL-GTX1060-O6G</span> دارای دو درگاه <span dir=\"LTR\">HDMI</span>، یک درگاه <span dir=\"LTR\">DVI-D</span> و دو درگاه <span dir=\"LTR\">DisplayPort</span> است. وجود دو درگاه <span dir=\"LTR\">HDMI</span> و <span dir=\"LTR\">DisplayPort</span> در این کارت گرافیک باعث شده تا کاربر بتواند تصاویری با حداکثر رزولوشن 7860&times;4320 پیکسل در بیشتر نمایشگرهای موجود در بازار نمایش دهد. این محصول حرفه&zwnj;ای شرکت ایسوس از طریق رابط <span dir=\"LTR\">PCI Express 3.0</span> به رایانه متصل می&zwnj;شود. هنگام انجام پردازش&zwnj;های حرفه&zwnj;ای <span dir=\"LTR\">DUAL-GTX1060-O6G</span> نیاز به انرژی بیشتری دارد که برق موردنیاز پین <span dir=\"LTR\">PCI-E</span> تأمین می&zwnj;کند. در قسمت جلویی این کارت گرافیک دو فن متصل به هیتسینک مشاهده می&zwnj;شود. وجود هیتسینک و فن روی این محصول باعث شده که عملکرد آن بهتر باشد. گفتنی است این محصول با فناوری ساخت <span dir=\"LTR\">Auto-Extreme</span> ساخته شده&zwnj; است. در این فناوری، تمام پروسه&zwnj;ی ساخت با استفاده از ماشین&zwnj;آلات مکانیزه انجام می&zwnj;شود و دخالت نیروی انسانی در مراحل ساخت منجر به افزایش کیفیت محصول شده&zwnj; است. گفتنی است در این کارت گرافیک از فناوری <span dir=\"LTR\">NVIDIA ANSEL</span> استفاده شده است تا کاربر بتواند به بهترین نحوه در هنگام بازی اسکرین شات بگیرد.</span></p>\r\n', 20, 1),
(8, 'کارت گرافیک زوتک مدل GTX 1050 TI', 203, 3, 9, 1700000, '<p><span style=\"font-family:verdana,geneva,sans-serif\">سری ZOTAC GTX1050 Ti&nbsp; مدل جدید کارت گرافیک های قدرتمند و حرفه ای شرکت زوتک می باشد که از جدید ترین فن آوری های روز دنیا سود می برد. این کارت گرافیک از جدید ترین تکنولوژی ها بهره برده و همین موضوع سبب شده تا از محوبیت زیادی در میان کاربران برخوردار باشد. از مهم ترین ویژگی های این مدل می توان رزولوشن بالا، طراحی بهبود یافته و عملکرد عالی، سیستم پیشرفته، دارای استاندارد های روز دنیا، پایداری در عملکرد،پشتیبانی و نمایش تمامی فرمتهای ویدئویی و صدا موجود اشاره کرد.گفتنی است این شرکت در این مدل از درگاه ارتباطی PCI Express 3.0 x 16 بهره برده و همین موضوع سبب شده تا از کیفیت بسیار بالایی برخوردار باشد و بتوان بر روی کارایی و کیفیت آن حساب ویژه ای باز کرد.</span></p>\r\n', 18, 0),
(9, 'اس اس دی سامسونگ مدل 860 Evo ظرفیت 250 گیگابایت', 300, 11, 2, 650000, '<p><span style=\"font-family:verdana,geneva,sans-serif\">&laquo;سامسونگ&raquo; یکی از شرکت&zwnj;های فعال در عرصه&zwnj;ی تولید قطعات نیمه&zwnj;هادی است و در زمینه&zwnj;ی تولید حافظه&zwnj;های SSD هم سابقه&zwnj;ی درخشانی دارد. یکی از جدیدترینمحصولات این شرکت، درایو اس&zwnj;اس&zwnj;دی &laquo;860EVO&nbsp;&raquo; است. EVO 860سامسونگ با استفاده از حافظه&zwnj;های&nbsp; V-NAND تولید شده &zwnj;است و سرعت و پایداری فوق&zwnj;العاده&zwnj;ای را به همراه دارد. با تهیه&zwnj;ی این درایو SSD می&zwnj;توانید روزانه به صورت میانگین تا 42 گیگابایت داده را روی آن کپی کنید و با چنین نرخ انتقالی تا 10 سال از یک درایو SSD با بهترین کیفیت و بیشترین سرعت بهره&zwnj;مند شوید. MLC بودن این ماژول&zwnj;ها، نویدبخش پایداری و طول عمر بالای این حافظه&zwnj;هاست. حداکثر سرعت خواندن ترتیبی 550 مگابایت بر ثانیه و سرعت نوشتن ترتیبی 520 مگابایت بر ثانیه، سرعت فوق&zwnj;العاده خوبی برای یک حافظه SSD است&nbsp; از لحاظ سازگاری این محصول با سیستم عامل&zwnj;های مختلف هم، با مشکلی مواجه نخواهید شد؛ چراکه این حافظه می&zwnj;تواند با اکثر نسخه&zwnj;های سیستم&zwnj;عامل ویندوز مایکروسافت هماهنگ شود و بالاترین سطوح عملکردی را از خود به نمایش بگذارد. علاوه&zwnj;بر ظرفیت&zwnj;های1و2 و4 ترابایتی، امکان تهیه&zwnj;ی 860 EVO&nbsp;در دو&nbsp;ظرفیت&nbsp; 250 و500 گیگابایت هم وجود دارد. این حافظه&zwnj;ها برای مصارف حرفه&zwnj;ای ساخته شده&zwnj;اند و با خرید یکی از آن&zwnj;ها، یک&zwnj;بار برای همیشه خیال خود را از بابت حافظه&zwnj;ی ذخیره&zwnj;سازی راحت می&zwnj;کنید. </span></p>\r\n', 20, 0),
(10, 'اس اس دی ای دیتا مدل SU650 ظرفیت 120 گیگابایت', 301, 11, 12, 650000, '<p>شرکت &laquo;ای دیتا&raquo; محصولی را با نام<span dir=\"LTR\"> &laquo;SU650&raquo; </span>روانه&zwnj;ی بازار کرده که درواقع یک حافظه&zwnj;ی&nbsp;<span dir=\"LTR\">SSD</span> با ظرفیت 120 گیگابایت است. این اس اس دی از طریق رابط&nbsp;<span dir=\"LTR\">SATA3.0</span> به کامپیوتر متصل می&zwnj;شود و می&zwnj;تواند با سرعت زیاد به انتقال اطلاعات بپردازد. حافظه&zwnj;های&nbsp;<span dir=\"LTR\">SSD</span> برخلاف هارددیسک&zwnj;ها برای انجام پردازش&zwnj;های مربوط به ذخیره&zwnj;سازی اطلاعات از هیچ قسمت حرکتی استفاده نمی&zwnj;کنند. این موضوع باعث مقاومت آن&zwnj;ها دربرابر شوک می&zwnj;شود. حافظه&zwnj;ی&nbsp;<span dir=\"LTR\">SSD</span> ای دیتا مدل&nbsp;<span dir=\"LTR\">SU650</span> می&zwnj;تواند تا <span dir=\"LTR\">1500</span>G دربرابر شوک مقاوم باشد. فرم فاکتور این حافظه 2.5 اینچی است که به&zwnj;راحتی می&zwnj;توان آن &zwnj;را جایگزین هارددیسک لپ&zwnj;تاپ کرد. میانگین عمر در حافظه&zwnj;ی&nbsp;<span dir=\"LTR\">SU650</span> برابر با 2میلیون ساعت است که مقدار نرمالی برای&nbsp;<span dir=\"LTR\">SSD</span>ها به&zwnj;شمار می&zwnj;رود. سرعت زیاد انتقال اطلاعات در&nbsp;<span dir=\"LTR\">SSD</span>ها باعث انجام سریع پردازش&zwnj;ها در کامپیوتر می&zwnj;شود. همچنین به یاری مصرف انرژی کمترشان نسبت به هارددیسک&zwnj;ها، می&zwnj;توان شارژدهی بیشتری را از باتری لپ&zwnj;تاپ انتظار داشت. ظرفیت 120گیگابایتی این حافظه گزینه&zwnj;ی مناسبی است برای کاربرانی &zwnj;که اطلاعات زیادی برای آرشیوکردن در کامپیوتر خود ندارند یا اطلاعات خود را در هارددیسک اکسترنال ذخیره می&zwnj;کنند و از حافظه&zwnj;ی کامپیوتر تنها برای ذخیره&zwnj;سازی اطلاعات سیستم&zwnj;عامل و برنامه&zwnj;های کاربردی بهره می&zwnj;گیرند</p>\r\n', 18, 1),
(11, 'مادربرد گیگابایت مدل GA-H110M-S2PT', 400, 2, 10, 635000, '<p><span style=\"font-family:verdana,geneva,sans-serif\">مادربرد کامپیوتر GA-H110M-S2PT شرکت گیگابایت (Gigabyte) در فرم فاکتور microATX ساخته شده و از چیپ&zwnj;ست H110 اینتل استفاده می&zwnj;کند. این مادربرد از سوکتLGA 1151 &nbsp;اینتل برای نصب پردازنده&zwnj;ی مرکزی بهره می&zwnj;برد و امکان نصب پردازنده&zwnj;های نسل ششم اینتل در آن وجود دارد. در زمینه&zwnj;ی حافظه&zwnj;ی RAM، باید از ماژول&zwnj;های DDR4 استفاده کنید. در این مادربرد می&zwnj;توان مجموعا تا 32 گیگابایت حافظه&zwnj;ی DDR4 را درون دو اسلات DIMM مورد استفاده قرار داد. نصب کارت&zwnj; گرافیکی به وسیله&zwnj;ی یک عدد اسلات PCI Express x16 انجام می&zwnj;شود که در حالت 16x فعال است. تعدادی درگاه دیگر هم روی برد اصلی وجود دارد. از جمله یک عدد اسلات PCI Express x1 و دو عدد اسلات PCI استاندارد که برای افزودن کارت&zwnj;های توسعه به کامپیوتر مورد استفاده قرار می&zwnj;گیرند. این کارت&zwnj;ها هستند که امکانات بیشتری را با خود به همراه می&zwnj;آورند و باعث می&zwnj;شوند بتوانید از کامپیوترتان آن&zwnj;طور که مدنظر دارید استفاده کنید. چهار عدد پورت SATA 3.0 در این قسمت وجود دارد که در زمان اتصال تجهیزات ذخیره&zwnj;سازی و درایوهای نوری به آن&zwnj;ها نیاز پیدا خواهید کرد. در پنل پشتی هم تعدادی پورت خروجی و ورودی قرار دارد. این پورت&zwnj;ها شامل دو عدد پورت USB 3.0 و دو عدد پورت USB 2.0، پورت LAN گیگابیتی، پورت&zwnj;های صدا و پورت&zwnj;های اتصال ماوس و کیبورد می&zwnj;شوند. این مادربرد برای خروجی مانیتور تنها یک پورت VGA یا همان D-Sub دارد و خبری از پورت های رده بالاتر نیست. </span></p>\r\n', 20, 0),
(12, 'مادربرد ام اس آی مدل B250M GAMING PRO', 401, 2, 14, 597000, '<p><span style=\"font-family:verdana,geneva,sans-serif\">مادربرد &laquo;<span dir=\"LTR\">B250M GAMING PRO</span>&raquo; محصول برند &laquo;ام اس آی&raquo; (<span dir=\"LTR\">MSI</span>) است. در این مادربرد از چیپ&zwnj;ست <span dir=\"LTR\">B250</span> اینتل استفاده شده و می&zwnj;توانید پردازنده&zwnj;های نسل 6 و 7 اینتل را روی آن نصب کنید. برای نصب این پردازنده&zwnj;ها به سوکت نصب <span dir=\"LTR\">LGA 1151</span> نیاز خواهید داشت و از همین سوکت در مادربرد <span dir=\"LTR\">B250M GAMING PRO</span> استفاده شده&zwnj;است. دو اسلات <span dir=\"LTR\">DIMM</span> در این مادربرد وجود دارد که با استفاده از این اسلات&zwnj;ها، امکان به کار گرفتن 32 گیگابایت رم <span dir=\"LTR\">DDR4</span> وجود خواهد داشت. حداکثر فرکانس رم قابل دستیابی در این پردازنده&zwnj;ها 2400 مگاهرتز خواهد بود و می&zwnj;توانید از ساختار دوکاناله استفاده کنید. سیستم صوتی<span dir=\"LTR\">Audio Boost 4 </span>&nbsp;در مادربرد <span dir=\"LTR\">B250M GAMING PRO</span> وجود دارد و به خلق صدایی بهتر و گیراتر کمک می&zwnj;کند. در قسمت پشتی مادربرد، شاهد پورت&zwnj;های خروجی تصویر <span dir=\"LTR\">VGA</span>، <span dir=\"LTR\">HDMI</span> و <span dir=\"LTR\">DVI-D</span> هستیم که با استفاده از آنها می&zwnj;توان بدون نیاز به داشتن کارت گرافیک مجزا، مانیتور را کامپیوتر وصل کرد. با استفاده از فناوری <span dir=\"LTR\">Mystic Light Sync</span> می&zwnj;توانید نور تمام دستگاه&zwnj;هایتان را با هم سینک کنید. همراه با این مادربرد، یک ماوس مخصوص بازی <span dir=\"LTR\">DS B1 GAMING</span> هم ارائه می&zwnj;شود و می&zwnj;توان با آن از انجام بازی&zwnj;های سبک <span dir=\"LTR\">FPS</span> لذت برد.</span></p>\r\n', 7, 0),
(13, 'مادربرد ام اس آی مدل Z370 GODLIKE GAMING', 402, 2, 14, 4250000, '<p><span style=\"font-family:verdana,geneva,sans-serif\">مادربرد<span dir=\"LTR\">&raquo; شرکت &laquo;Z370 GODLIKE GAMING&raquo; </span>ام&zwnj;اس&zwnj;آی&raquo;<span dir=\"LTR\"> (MSI) </span>به چیپ&zwnj;ست <span dir=\"LTR\">Z370</span> اینتل مجهز شده&zwnj; است و می&zwnj;توان از پردازنده&zwnj;های <span dir=\"LTR\">Celeron</span>،<span dir=\"LTR\"> Pentium </span>و نسل هشتم، <span dir=\"LTR\">i3</span>، <span dir=\"LTR\">i5</span>، <span dir=\"LTR\">i7</span> که قابل نصب روی سوکت<span dir=\"LTR\"> Intel LGA 1151 </span>هستند، در آن استفاده کرد. چهار عدد اسلات برای نصب حافظه&zwnj;ی<span dir=\"LTR\"> RAM </span>در این مادربرد وجود دارد که می&zwnj;توان تا 64 گیگابایت حافظه&zwnj;ی<span dir=\"LTR\"> DDR4 </span>را در آن نصب و به صورت دوکاناله پیکربندی کرد. این مادربرد دارای 4 اسلات<span dir=\"LTR\"> PCI Express x16&nbsp; </span>است و اجازه&zwnj;ی نصب انواع کارت&zwnj;های گرافیک را روی مادربرد به کاربر می&zwnj;دهد. بین اسلات&zwnj;ها نصب کارت گرافیک، فضای خوبی وجود دارد و هوا می&zwnj;تواند به راحتی بین کارت&zwnj;های گرافیکی نصب شده جریان پیدا کند. مادربرد<span dir=\"LTR\"> Z370 GODLIKE GAMING </span>دارای یک اسلات <span dir=\"LTR\">PCI Express x1</span>، سه کانکتور<span dir=\"LTR\"> M.2 </span>و شش کانکتور<span dir=\"LTR\"> SATA 3.0 </span>است. کانکتورهای M.2 در حد فاصل بین اسلات&zwnj;های کارت گرافیک تعبیه شده&zwnj;اند و با این روش از فضای روی مادربرد به صورت بهینه استفاده شده&zwnj;است. ام اس آی در ساخت این مادربرد گیمینگ از مواد باکیفیتی استفاده کرده و مجموعه&zwnj;ی مناسبی از امکانات را فراهم آورده &zwnj;است. صدای مادربرد از نوع 7.1کاناله است که با استفاده از کارت صدای داخلی<span dir=\"LTR\"> Realtek ALC1220 </span>امکان شنیدن صدایی فراگیر را در اختیار کاربر می&zwnj;گذارد. برای ارتباط&zwnj;دادن مادربرد به شبکه به&zwnj;صورت کابلی، یک عدد سوکت<span dir=\"LTR\">LAN </span>گیگابیتی در اختیار خواهید داشت که از سرعت و کیفیت بالایی برخوردار است. برای زیبایی و ایجاد فضای دلنشین با نور، شرکت ام اس آی از<span dir=\"LTR\"> Mystic Light </span>برای ارائه&zwnj;ی 16.8 میلیون رنگ و 17 افکت<span dir=\"LTR\"> LED </span>استفاده کرده است تا تجربه&zwnj;ی گیمینگ متفاوت&zwnj;تری فراهم کند. این نورپردازی در بخش&zwnj;های مختلف مادربرد اعمال شده و چهره&zwnj;ی محصول را به کل دگرگون کرده&zwnj;است</span></p>\r\n', 19, 1),
(14, 'اس اس دی اینترنال سامسونگ مدل 960 PRO ظرفیت 2 ترابایت', 302, 11, 2, 6500000, '<p><span style=\"background-color:rgb(252, 252, 252); color:rgb(64, 64, 64); font-size:16.002px\">960 PRO با جدیدترین بروزرسانی جادویی یک راه حل نرم افزاری پیشرفته برای مدیریت, آگاهی و حفظ درایو است. جادوی 960 PRO شخصی سازی بررسی سیستم عامل و مناسب سازی عملکردهای اضافه برای درایوهای شخصی کاربران است. این ویژگی برای اطمینان از قابلیت بروزرسانی شده درایوها, بطور خودکار سیستم عامل را ارتقاء می دهد.&nbsp;960 PRO دارای&nbsp;1.2پِتابایت طول عمر برای ظرفیت 2TB است. محافظ حرارتی داینامیک (DTG) که برای آگاهی و تنظیم دمای SSD طراحی شده است که با حفظ دیتا و رسیدن به پاسخگویی مطلوب, ضریب اطمینان را بالا می برد.ا&nbsp;960 PRO ظرفیت بالا و قابل اعتماد که برای بارگذاری&zwnj;های سنگین و درخواست اپلیکیشن ها طراحی شده است,می توانید شگفت انگیزترین کارایی را تجربه کنید. 960 PRO یک طراحی برمبنای جدیدترین V-NAND 48 لایه در یک فرم فشرده M.2 ارائه شده است و&nbsp;ایده آل برای کامپیوتر&zwnj;های حرفه ای می باشد.</span></p>\r\n', 13, 1),
(15, 'اس اس دی اینترنال سامسونگ مدل 860 PRO ظرفیت 512 گیگابایت', 303, 11, 2, 1822000, '<p><span style=\"font-family:verdana,geneva,sans-serif\"><span style=\"background-color:rgb(252, 252, 252); color:rgb(64, 64, 64); font-size:16.002px\">&laquo;سامسونگ&raquo; یکی از شرکت&zwnj;های فعال در عرصه&zwnj;ی تولید قطعات نیمه&zwnj;هادی است و در زمینه&zwnj;ی تولید حافظه&zwnj;های SSD هم سابقه&zwnj;ی درخشانی دارد. یکی از برجسته&zwnj;ترین محصولات این شرکت، درایو اس&zwnj;اس&zwnj;دی &laquo;860Pro &raquo; است. حافظه 860 PRO شرکت سامسونگ یک SSD اینترنال است که از فرم فاکتور 2.5 اینچ بهره می&zwnj;برد. این حافظه از طریق رابط SATA 3.0 به کامپیوتر و لپ&zwnj;تاپ متصل می&zwnj;شود و با سرعت بالایی به انتقال اطلاعات می&zwnj;پردازد. سرعت خواندن اطلاعات توسط این حافظه به 560 مگابایت بر ثانیه و سرعت نوشتن اطلاعات آن به 530 مگابایت بر ثانیه می&zwnj;رسد.</span></span></p>\r\n', 19, 0),
(16, 'رم کورسیر مدل Vengeance 3200MHZ DDR4 ظرفیت 16 گیگابایت(8*2)', 500, 15, 15, 2370000, '<p><span style=\"font-family:verdana,geneva,sans-serif\"><span style=\"background-color:rgb(252, 252, 252); color:rgb(64, 64, 64); font-size:16.002px\">رم DDR4 Vengeance LPX برای عملکرد فوق&zwnj;العاده اورکلاکینگ طراحی شده است. کانالهای پخش کننده حرارت که از آلومینیوم خالص ساخته شده، عملیات دفع گرما را با حداکثر سرعت انجام میدهد و PCB از نوع 8 لایه به این هدایت جریان حرارت کمک میکند تا بازدهی فرایند اورکلاکینگ را در سطحی ممتاز فراهم نماید. بخشی از پروسه آزمون این محصول شامل تست کارآیی و سازگای سخت افزار میگردد که امکان بهره&zwnj;برداری از این حافظه را تقریبا با تمام مادربوردهای موجود در بازار فراهم نموده است. با توجه به پشتیبانی از XMP 2.0، با اعمال تنظیمات مختصر به صورت خودکار، به بالاترین سرعت کیت حافظه Vengeance LPX دست خواهید یافت و از عملکرد قابل اعتماد، بدون اختلال، و بدون رفتارهای عجیب و نامطلوب آن شگفت زده خواهید شد. در عملیات اورکلاکینگ همواره سقف بازدهی توسط بروز حرارت حاصل از کارکرد، محدود میگردد. طراحی منحصر به فرد پخش کننده های گرما در Vengeance LPX جهت بیرون کشیدن حرارت از ICها و اجزاء دیگر، از طریق مسیر خنک سازی تعبیه شده به سطح مطلوبی دست یافته است. بنابراین با افت چشمگیر حرارت، عملکرد فوق&zwnj;العاده فرایند تضمین شده است. هریک از ماژولهای Vengeance LPX با تمرکز بر روی بازدهی ممتاز PCB و نظارت مستقیم بر ICهای حافظه بهینه&zwnj;سازی شده است. همچنین طراحی ویژه پخش کننده های حرارتی تاثیر بسزایی در جهت فراهم آوردن حداکثر پتانسیل اورکلاکینگ دارند. باریک بودن و مولفه ظرافت که در طراحی این محصول بسیار مورد توجه قرار گرفته است، سبب میگردد تا شما بتوانید حتی از کیس های کوچکتر که فضای داخلی محدود و کاربردی دارند بهره بگیرید. واضح ترین مشخصه سیستمهای با عملکرد بالا، تسهیل در عملیات پردازشی آن است. اما امروزه ظاهر و نمای چینشی قطعاتی که در کنار هم جانمایی میشوند نیز بسیار مورد توجه قرار گرفته است. Vengeance LPX در رنگهای متنوع تولید شده تا بتوانید آن را از لحاظ ظاهری با مادربورد و تجهیزات دیگر حتی کیس خود هماهنگ نمایید. پس رنگ مورد نظر خود را انتخاب کنید. فرم فاکتور حافظه Vengeance LPX برای به کارگیری در جدیدترین سیستمهای DDR4 بهینه سازی شده و بسامد فوق العاده بالا، پهنای باند بیشتر و مصرف انرژی کمتری را نسبت به ماژولهای DDR3 ارائه میکند. ماژولهای Vengeance LPX برای بهره برداری مطمئن در انواع سیستمهای DDR4 آزمایش شده است. پشتیبانی از مولفه XMP 2.0 ، بالاترین سطح فرایند اورکلاکینگ را به شکل سریع و بی دردسر فراهم نموده و به طور کامل با انواع افزونه های سخت افزاری شما سازگار خواهد بود. شهرت جهانی محصولات CORSAIR در میان اورکلاکرها و شیفتگان دنیای گیمینگ، همچنین کارپردازان سیستم ها بی دلیل نیست. عملکرد بی نظیر و نصب و تجمیع آسان، از ویژگی های بنیادین این محصولات است. پس ابرماشین گیمینگ یا اورکلاکینگ خود را با حافظه های کورسیر بسازید.</span></span></p>\r\n', 15, 1),
(17, 'رم  اپیسر مدل Gaming Panther 2400MHZ DDR4  ظرفیت 8 گیگابایت', 501, 15, 16, 785000, '<p><span style=\"font-family:verdana,geneva,sans-serif\"><span style=\"background-color:rgb(252, 252, 252); color:rgb(64, 64, 64); font-size:16.002px\">برای تجهیز یک سیستم کاملا حرفه&zwnj;ای و مخصوص بازی علاوه&zwnj;بر CPU و کارت گرافیک، تهیه&zwnj;ی یک رم قدرتمند کاملا ضروری است. رم دسک&zwnj;تاپ &laquo;Panther&raquo; شرکت &laquo;اپیسر&raquo; مناسب برای سیستم&zwnj;های حرفه&zwnj;ای و گیمینگ است. در پک این محصول یک رم با میزان حافظه&zwnj;ی 8 گیگابایت عرضه شده است که از فرکانس 2400 مگاهرتز پشتیبانی می&zwnj;کند. این میزان از فرکانس برای کامپیوترهای حرفه&zwnj;ای مقدار مناسبی است. نوع پیکربندی این محصول تک&zwnj;کاناله بوده و ولتاژ مورد نیاز برای کارکرد آن 1.2 ولت است. سازگاری بسیار خوب این محصول با پردازنده&zwnj;های سری &laquo;Skylake&raquo; هم از ویژگی&zwnj;های بسیار مهم آن به&zwnj;شمار می&zwnj;رود. برای استفاده&zwnj;ی حداکثری از توان این محصول با انجام تنظیمات XMP در قسمت بایوس می&zwnj;توان چنین تجربه&zwnj;ای را با Panther داشت. اگر از طرف&zwnj;داران بازی&zwnj;های رایانه&zwnj;ای هستید،&nbsp;رم Panther DDR4 شرکت اپیسر با سرعت تاخیر کم CL17 و بهینه&zwnj;شدن 20درصدی در مصرف انرژی، می&zwnj;تواند انتخاب بسیار مناسبی باشد.</span></span></p>\r\n', 19, 0),
(18, 'رم کینگستون مدل  HyperX Predator DDR4 3000 MHZ  ظرفیت 16 گیگابایت', 502, 15, 1, 1690000, '<p><span style=\"font-family:verdana,geneva,sans-serif\">رم دسکتاپی&laquo; <span dir=\"LTR\">HX430C15PB3K2/16</span>&raquo; محصولی از شرکت &laquo;کینگستون&raquo; <span dir=\"LTR\">(Kingston)</span> است. این رم با ظرفیت 16 گیگابایتی برای بازی&zwnj;های سنگین طراحی شده است. این رم از نوع ماژول<span dir=\"LTR\"> DIMM </span>است و &nbsp;عملکرد عالی آن هر گیمری را تحت تاثیر قرار می&zwnj;دهد. گفتنی است، هنگام تهیه&zwnj;ی رم برای رایانه&zwnj;ی خود، باید به نوع رم پشتیبانی&zwnj;شده توسط مادربرد توجه کرد. این رم دسکتاپی از سری <span dir=\"LTR\">HyperX</span> از نوع<span dir=\"LTR\"> DDR4 </span>با فرکانس 3000 &nbsp;مگاهرتز است که مقدار خوبی برای یک رم دسکتاپی گیمینگ به شمار می&zwnj;رود. این رم از پروفایل های اینتل <span dir=\"LTR\">XMP</span> پشتیبانی می&zwnj;کند که برای جدیدترین چیپ ست های اینتل بهینه شده&zwnj;اند. پخش&zwnj;کننده گرمای آلومینیومی این رم، ظاهری ترسناک به&zwnj;مانند عملکرد تحسین&zwnj;برانگیزی به کیس شما خواهد بخشید. ولتاژ کاری در این رم برابر با 1.2 ولت با میزان تایمینگ &nbsp;15-17-17-17 است. رم&zwnj;ها ابزارهای بسیار کاربردی برای ذخیره&zwnj;سازی موقت و پردازش اطلاعات رایانه هستند که با توجه به نوع ظرفیت، میزان فرکانس و نوع ماژول به انواع مختلفی تقسیم می&zwnj;شوند. این رم از نوع<span dir=\"LTR\"> DDR4 </span>است که نسبت به نسل قبلی، سرعت پردازش بیشتری دارد؛ همچنین میزان مصرف انرژی در رم&zwnj;های<span dir=\"LTR\"> DDR4 </span>نسبت به رم&zwnj;های<span dir=\"LTR\"> DDR3 </span>کم&zwnj;تر است. اگر قصد تهیه&zwnj;ی یک رم برای استفاده&zwnj;های &zwnj;حرفه&zwnj;ای در رایانه&zwnj;ی خود را دارید، رم <span dir=\"LTR\">HX430C15PB3K2/16</span> می&zwnj;تواند انتخاب ایده<span dir=\"LTR\">&zwnj;</span>ئالی برایتان باشد</span></p>\r\n', 16, 0),
(19, 'رم گیل مدل  Evo Forza DDR4 2400 MHZ  ظرفیت 16 گیگابایت', 503, 15, 17, 1497000, '<p><span style=\"font-family:verdana,geneva,sans-serif\">شرکت &laquo;گیل&raquo; (Geil) محصولی را با نام &laquo;Evo Forza&raquo; روانه بازار کرده که درواقع 2 عدد رم با ظرفیت مجموع 16 گیگابایت است. نوع ماژول در این رم DIMM بوده که برای استفاده در کامپیوترهای دسکتاپ طراحی شده است. در جعبه&zwnj;ی این محصول دو ماژول با ظرفیت هرکدام 8 گیگابایت قابل مشاهده است که از فرکانس 2400 مگاهرتزی برای هرکدام بهره می&zwnj;برد. این میزان از فرکانس پشتیبانی شده در رم Evo Forza برای استفاده در کامپیوترهای حرفه&zwnj;ای مناسب است. نوع پیکربندی حافظه در رم Evo Forza دو کاناله بوده که باعث بالا رفتن سرعت انتقال و پردازش اطلاعات می&zwnj;شود. برای آن&zwnj;که گرمای تولید شده توسط این رم به محیط بیرون منتقل شود، مهندسان شرکت گیل آن&zwnj;را به یک هیت&zwnj;سینک فلزی تجهیز کرده&zwnj;اند. این هیت سینک با سرعت زیاد گرما را انتقال می&zwnj;دهد و علاوه&zwnj;بر این باعث زیبایی و حرفه&zwnj;ای&zwnj;تر شدن کامپیوتر می&zwnj;شود. در هیت&zwnj;سینک از فناوری&nbsp; MTCD استفاده شده تا با افزایش سطح تماس بین چیپ&zwnj;ها و خنک&zwnj;کننده، گرمای بیشتری به بیرون انتقال داده شود. رم گیل مدل Evo Forza از نوع DDR4 است. این سری از رم&zwnj;ها در مقایسه با نسخه&zwnj;های قبلی سرعت بالاتری در خواندن و نوشتن اطلاعات دارند و میزان مصرف انرژی&zwnj;شان هم کم&zwnj;تر شده است. هنگام تهیه&zwnj;ی یک رم برای کامپیوتر خود باید به نوع حافظه&zwnj; و مقدار فرکانس پشتیبانی شده توسط مادربرد توجه کرد. میزان تاخیر زمانی برای انجام یک پردازش توسط این رم که با مشخصه&zwnj;ی تایمینگ نشان داده می&zwnj;شود، برابر با CL7 است.</span></p>\r\n', 24, 1);

-- --------------------------------------------------------

--
-- Table structure for table `user`
--

DROP TABLE IF EXISTS `user`;
CREATE TABLE IF NOT EXISTS `user` (
  `id` int(11) NOT NULL AUTO_INCREMENT,
  `username` varchar(70) COLLATE utf8_persian_ci NOT NULL,
  `password` varchar(70) COLLATE utf8_persian_ci NOT NULL,
  PRIMARY KEY (`id`)
) ENGINE=MyISAM AUTO_INCREMENT=3 DEFAULT CHARSET=utf8 COLLATE=utf8_persian_ci;

--
-- Dumping data for table `user`
--

INSERT INTO `user` (`id`, `username`, `password`) VALUES
(1, 'mohammad', '123'),
(2, 'ali', '321');
COMMIT;

/*!40101 SET CHARACTER_SET_CLIENT=@OLD_CHARACTER_SET_CLIENT */;
/*!40101 SET CHARACTER_SET_RESULTS=@OLD_CHARACTER_SET_RESULTS */;
/*!40101 SET COLLATION_CONNECTION=@OLD_COLLATION_CONNECTION */;
