-- phpMyAdmin SQL Dump
-- version 4.7.4
-- https://www.phpmyadmin.net/
--
-- Host: 127.0.0.1:3306
-- Generation Time: Aug 01, 2018 at 01:55 PM
-- Server version: 5.7.19
-- PHP Version: 5.6.31

SET SQL_MODE = "NO_AUTO_VALUE_ON_ZERO";
SET AUTOCOMMIT = 0;
START TRANSACTION;
SET time_zone = "+00:00";


/*!40101 SET @OLD_CHARACTER_SET_CLIENT=@@CHARACTER_SET_CLIENT */;
/*!40101 SET @OLD_CHARACTER_SET_RESULTS=@@CHARACTER_SET_RESULTS */;
/*!40101 SET @OLD_COLLATION_CONNECTION=@@COLLATION_CONNECTION */;
/*!40101 SET NAMES utf8mb4 */;

--
-- Database: `xp_market`
--
CREATE DATABASE IF NOT EXISTS `xp_market` DEFAULT CHARACTER SET utf8 COLLATE utf8_persian_ci;
USE `xp_market`;

-- --------------------------------------------------------

--
-- Table structure for table `basket`
--

DROP TABLE IF EXISTS `basket`;
CREATE TABLE IF NOT EXISTS `basket` (
  `id` int(11) NOT NULL AUTO_INCREMENT,
  `user_id` int(11) NOT NULL,
  `product_id` int(11) NOT NULL,
  `sell` tinyint(1) DEFAULT '0',
  PRIMARY KEY (`id`)
) ENGINE=MyISAM AUTO_INCREMENT=46 DEFAULT CHARSET=utf8 COLLATE=utf8_persian_ci;

--
-- Dumping data for table `basket`
--

INSERT INTO `basket` (`id`, `user_id`, `product_id`, `sell`) VALUES
(30, 17, 1, 1),
(29, 17, 6, 1),
(28, 1, 3, 1),
(27, 16, 3, 0),
(26, 16, 6, 0),
(25, 16, 4, 0),
(24, 16, 7, 0),
(23, 16, 9, 0),
(31, 17, 3, 1),
(32, 16, 6, 0),
(33, 1, 5, 1),
(34, 1, 6, 1),
(35, 1, 4, 1),
(36, 1, 4, 1),
(37, 1, 5, 1),
(38, 1, 5, 1),
(39, 1, 8, 1),
(40, 1, 7, 1),
(41, 1, 4, 1),
(42, 1, 9, 1),
(43, 1, 9, 1),
(44, 1, 3, 1),
(45, 1, 3, 1);

-- --------------------------------------------------------

--
-- Table structure for table `categoryb`
--

DROP TABLE IF EXISTS `categoryb`;
CREATE TABLE IF NOT EXISTS `categoryb` (
  `id` int(11) NOT NULL AUTO_INCREMENT,
  `name` varchar(50) COLLATE utf8_persian_ci NOT NULL,
  PRIMARY KEY (`id`)
) ENGINE=MyISAM AUTO_INCREMENT=9 DEFAULT CHARSET=utf8 COLLATE=utf8_persian_ci;

--
-- Dumping data for table `categoryb`
--

INSERT INTO `categoryb` (`id`, `name`) VALUES
(1, 'kingston'),
(2, 'samsung'),
(3, 'western'),
(4, 'geil'),
(5, 'intel'),
(6, 'amd'),
(7, 'sygate'),
(8, 'asus');

-- --------------------------------------------------------

--
-- Table structure for table `categoryp`
--

DROP TABLE IF EXISTS `categoryp`;
CREATE TABLE IF NOT EXISTS `categoryp` (
  `id` int(11) NOT NULL AUTO_INCREMENT,
  `name` char(50) COLLATE utf8_persian_ci NOT NULL,
  PRIMARY KEY (`id`)
) ENGINE=MyISAM AUTO_INCREMENT=11 DEFAULT CHARSET=utf8 COLLATE=utf8_persian_ci;

--
-- Dumping data for table `categoryp`
--

INSERT INTO `categoryp` (`id`, `name`) VALUES
(1, 'ram'),
(2, 'mother board'),
(3, 'graphic'),
(4, 'cpu'),
(5, 'case'),
(6, 'hard disk'),
(10, 'power');

-- --------------------------------------------------------

--
-- Table structure for table `comment_news`
--

DROP TABLE IF EXISTS `comment_news`;
CREATE TABLE IF NOT EXISTS `comment_news` (
  `id` int(11) NOT NULL AUTO_INCREMENT,
  `news_id` int(11) NOT NULL,
  `user_id` int(11) NOT NULL,
  `comment` text COLLATE utf8_persian_ci NOT NULL,
  PRIMARY KEY (`id`)
) ENGINE=MyISAM AUTO_INCREMENT=8 DEFAULT CHARSET=utf8 COLLATE=utf8_persian_ci;

--
-- Dumping data for table `comment_news`
--

INSERT INTO `comment_news` (`id`, `news_id`, `user_id`, `comment`) VALUES
(1, 1, 16, 'ب اسلام وبسایت خیلی خوبی دارید '),
(2, 1, 16, 'با سلام وبسایت خیلی بدی دارید '),
(3, 1, 1, 'حمال چرا فش میدی '),
(4, 1, 1, 'خری مگه'),
(5, 1, 1, 'ززز'),
(6, 5, 1, 'با سلام خیلی ممنون از تخفیف هایتان '),
(7, 1, 16, 'واقعا بعضیا بی شخصیتن اقا اره جون تو ');

-- --------------------------------------------------------

--
-- Table structure for table `comment_product`
--

DROP TABLE IF EXISTS `comment_product`;
CREATE TABLE IF NOT EXISTS `comment_product` (
  `id` int(11) NOT NULL AUTO_INCREMENT,
  `product_id` int(11) NOT NULL,
  `user_id` int(11) NOT NULL,
  `comment` text COLLATE utf8_persian_ci NOT NULL,
  PRIMARY KEY (`id`)
) ENGINE=MyISAM AUTO_INCREMENT=22 DEFAULT CHARSET=utf8 COLLATE=utf8_persian_ci;

--
-- Dumping data for table `comment_product`
--

INSERT INTO `comment_product` (`id`, `product_id`, `user_id`, `comment`) VALUES
(20, 3, 1, 'با سلام خیلی خوبه '),
(21, 3, 16, 'سلام اصلا خوب نیست من که دوستش ندارم ');

-- --------------------------------------------------------

--
-- Table structure for table `contact`
--

DROP TABLE IF EXISTS `contact`;
CREATE TABLE IF NOT EXISTS `contact` (
  `id` int(4) NOT NULL AUTO_INCREMENT,
  `name` varchar(50) COLLATE utf8_persian_ci NOT NULL,
  `email` varchar(50) COLLATE utf8_persian_ci NOT NULL,
  `content` text COLLATE utf8_persian_ci NOT NULL,
  PRIMARY KEY (`id`)
) ENGINE=MyISAM AUTO_INCREMENT=6 DEFAULT CHARSET=utf8 COLLATE=utf8_persian_ci;

--
-- Dumping data for table `contact`
--

INSERT INTO `contact` (`id`, `name`, `email`, `content`) VALUES
(1, 'محمد رضا حاج اسماعیلی کهکی ', '123@gmail.com', 'تست تست تست تست تست تست تست تست تست تست تست تست تست تست تست تست تست تست تست تست تست تست تست تست تست تست تست تست تست تست تست تست تست تست تست تست تست تست تست تست تست تست تست تست تست تست تست تست تست تست تست تست تست تست ');

-- --------------------------------------------------------

--
-- Table structure for table `news`
--

DROP TABLE IF EXISTS `news`;
CREATE TABLE IF NOT EXISTS `news` (
  `id` int(11) NOT NULL AUTO_INCREMENT,
  `subject` varchar(200) COLLATE utf8_persian_ci NOT NULL,
  `content` text COLLATE utf8_persian_ci NOT NULL,
  `date` date NOT NULL,
  PRIMARY KEY (`id`)
) ENGINE=MyISAM AUTO_INCREMENT=6 DEFAULT CHARSET=utf8 COLLATE=utf8_persian_ci;

--
-- Dumping data for table `news`
--

INSERT INTO `news` (`id`, `subject`, `content`, `date`) VALUES
(1, 'تخفیف تابستانه ', 'با تو جه به موضوع با تو جه به موضوع با تو جه به موضوع با تو جه به موضوع با تو جه به موضوع با تو جه به موضوع با تو جه به موضوع با تو جه به موضوع با تو جه به موضوع با تو جه به موضوع با تو جه به موضوع با تو جه به موضوع با تو جه به موضوع با تو جه به موضوع با تو جه به موضوع با تو جه به موضوع با تو جه به موضوع با تو جه به موضوع با تو جه به موضوع با تو جه به موضوع ', '2018-04-16'),
(2, 'تخفیف زمستانه ', 'با تو جه به موضوع با تو جه به موضوع با تو جه به موضوع با تو جه به موضوع با تو جه به موضوع با تو جه به موضوع با تو جه به موضوع با تو جه به موضوع با تو جه به موضوع با تو جه به موضوع با تو جه به موضوع با تو جه به موضوع با تو جه به موضوع با تو جه به موضوع با تو جه به موضوع با تو جه به موضوع با تو جه به موضوع با تو جه به موضوع با تو جه به موضوع با تو جه به موضوع با تو جه به موضوع با تو جه به موضوع با تو جه به موضوع با تو جه به موضوع با تو جه به موضوع با تو جه به موضوع با تو جه به موضوع با تو جه به موضوع با تو جه به موضوع با تو جه به موضوع با تو جه به موضوع با تو جه به موضوع با تو جه به موضوع با تو جه به موضوع با تو جه به موضوع با تو جه به موضوع با تو جه به موضوع با تو جه به موضوع با تو جه به موضوع با تو جه به موضوع با تو جه به موضوع با تو جه به موضوع با تو جه به موضوع با تو جه به موضوع با تو جه به موضوع با تو جه به موضوع با تو جه به موضوع با تو جه به موضوع با تو جه به موضوع با تو جه به موضوع با تو جه به موضوع با تو جه به موضوع با تو جه به موضوع با تو جه به موضوع با تو جه به موضوع با تو جه به موضوع با تو جه به موضوع با تو جه به موضوع با تو جه به موضوع با تو جه به موضوع با تو جه به موضوع با تو جه به موضوع با تو جه به موضوع با تو جه به موضوع با تو جه به موضوع با تو جه به موضوع با تو جه به موضوع با تو جه به موضوع با تو جه به موضوع با تو جه به موضوع با تو جه به موضوع با تو جه به موضوع با تو جه به موضوع با تو جه به موضوع با تو جه به موضوع با تو جه به موضوع با تو جه به موضوع با تو جه به موضوع با تو جه به موضوع با تو جه به موضوع با تو جه به موضوع با تو جه به موضوع با تو جه به موضوع با تو جه به موضوع با تو جه به موضوع با تو جه به موضوع با تو جه به موضوع با تو جه به موضوع با تو جه به موضوع با تو جه به موضوع با تو جه به موضوع با تو جه به موضوع با تو جه به موضوع با تو جه به موضوع با تو جه به موضوع با تو جه به موضوع با تو جه به موضوع با تو جه به موضوع با تو جه به موضوع با تو جه به موضوع با تو جه به موضوع با تو جه به موضوع با تو جه به موضوع با تو جه به موضوع با تو جه به موضوع با تو جه به موضوع با تو جه به موضوع با تو جه به موضوع با تو جه به موضوع با تو جه به موضوع با تو جه به موضوع با تو جه به موضوع با تو جه به موضوع با تو جه به موضوع با تو جه به موضوع با تو جه به موضوع با تو جه به موضوع با تو جه به موضوع با تو جه به موضوع با تو جه به موضوع ', '2018-04-16'),
(3, 'تخفیف پاییزه ', 'با تو جه به موضوع با تو جه به موضوع با تو جه به موضوع با تو جه به موضوع با تو جه به موضوع با تو جه به موضوع با تو جه به موضوع با تو جه به موضوع با تو جه به موضوع با تو جه به موضوع با تو جه به موضوع با تو جه به موضوع با تو جه به موضوع با تو جه به موضوع با تو جه به موضوع با تو جه به موضوع با تو جه به موضوع با تو جه به موضوع با تو جه به موضوع با تو جه به موضوع ', '2018-04-16'),
(4, 'تخفیف بهاره', 'با تو جه به موضوع با تو جه به موضوع با تو جه به موضوع با تو جه به موضوع با تو جه به موضوع با تو جه به موضوع با تو جه به موضوع با تو جه به موضوع با تو جه به موضوع با تو جه به موضوع با تو جه به موضوع با تو جه به موضوع با تو جه به موضوع با تو جه به موضوع با تو جه به موضوع با تو جه به موضوع با تو جه به موضوع با تو جه به موضوع با تو جه به موضوع با تو جه به موضوع با تو جه به موضوع با تو جه به موضوع با تو جه به موضوع با تو جه به موضوع با تو جه به موضوع با تو جه به موضوع با تو جه به موضوع با تو جه به موضوع با تو جه به موضوع با تو جه به موضوع با تو جه به موضوع با تو جه به موضوع با تو جه به موضوع با تو جه به موضوع با تو جه به موضوع با تو جه به موضوع با تو جه به موضوع با تو جه به موضوع با تو جه به موضوع با تو جه به موضوع با تو جه به موضوع با تو جه به موضوع با تو جه به موضوع با تو جه به موضوع با تو جه به موضوع با تو جه به موضوع با تو جه به موضوع با تو جه به موضوع با تو جه به موضوع با تو جه به موضوع با تو جه به موضوع با تو جه به موضوع با تو جه به موضوع با تو جه به موضوع با تو جه به موضوع با تو جه به موضوع با تو جه به موضوع با تو جه به موضوع با تو جه به موضوع با تو جه به موضوع با تو جه به موضوع با تو جه به موضوع با تو جه به موضوع با تو جه به موضوع با تو جه به موضوع با تو جه به موضوع با تو جه به موضوع با تو جه به موضوع با تو جه به موضوع با تو جه به موضوع با تو جه به موضوع با تو جه به موضوع با تو جه به موضوع با تو جه به موضوع با تو جه به موضوع با تو جه به موضوع با تو جه به موضوع با تو جه به موضوع با تو جه به موضوع با تو جه به موضوع با تو جه به موضوع با تو جه به موضوع با تو جه به موضوع با تو جه به موضوع با تو جه به موضوع با تو جه به موضوع با تو جه به موضوع با تو جه به موضوع با تو جه به موضوع با تو جه به موضوع با تو جه به موضوع با تو جه به موضوع با تو جه به موضوع با تو جه به موضوع با تو جه به موضوع با تو جه به موضوع با تو جه به موضوع با تو جه به موضوع با تو جه به موضوع با تو جه به موضوع با تو جه به موضوع با تو جه به موضوع با تو جه به موضوع با تو جه به موضوع با تو جه به موضوع با تو جه به موضوع با تو جه به موضوع با تو جه به موضوع با تو جه به موضوع با تو جه به موضوع با تو جه به موضوع با تو جه به موضوع با تو جه به موضوع با تو جه به موضوع با تو جه به موضوع با تو جه به موضوع با تو جه به موضوع با تو جه به موضوع با تو جه به موضوع با تو جه به موضوع ', '2018-04-16'),
(5, 'تخفیف نیمه شعبان', 'تخفیف نیمه شعبانتخفیف نیمه شعبانتخفیف نیمه شعبانتخفیف نیمه شعبانتخفیف نیمه شعبانتخفیف نیمه شعبانتخفیف نیمه شعبانتخفیف نیمه شعبانتخفیف نیمه شعبانتخفیف نیمه شعبانتخفیف نیمه شعبانتخفیف نیمه شعبانتخفیف نیمه شعبانتخفیف نیمه شعبانتخفیف نیمه شعبانتخفیف نیمه شعبانتخفیف نیمه شعبانتخفیف نیمه شعبانتخفیف نیمه شعبانتخفیف نیمه شعبانتخفیف نیمه شعبانتخفیف نیمه شعبانتخفیف نیمه شعبانتخفیف نیمه شعبانتخفیف نیمه شعبانتخفیف نیمه شعبان', '2018-04-18');

-- --------------------------------------------------------

--
-- Table structure for table `product`
--

DROP TABLE IF EXISTS `product`;
CREATE TABLE IF NOT EXISTS `product` (
  `id` int(11) NOT NULL AUTO_INCREMENT,
  `name` char(50) COLLATE utf8_persian_ci NOT NULL,
  `code` int(4) NOT NULL,
  `categoryp` int(11) NOT NULL,
  `categoryb` int(11) NOT NULL,
  `price` int(8) NOT NULL DEFAULT '0',
  `Description` text COLLATE utf8_persian_ci NOT NULL,
  `number` int(11) NOT NULL,
  `special` tinyint(1) NOT NULL,
  PRIMARY KEY (`id`)
) ENGINE=MyISAM AUTO_INCREMENT=10 DEFAULT CHARSET=utf8 COLLATE=utf8_persian_ci;

--
-- Dumping data for table `product`
--

INSERT INTO `product` (`id`, `name`, `code`, `categoryp`, `categoryb`, `price`, `Description`, `number`, `special`) VALUES
(1, 'cpu دو هسته ایی amd', 223, 4, 6, 1000000, 'لورم ایپسوم متنی است که ساختگی برای طراحی و چاپ آن مورد است. صنعت چاپ زمانی لازم بود شرایطی شما باید فکر ثبت نام و طراحی، لازمه خروج می باشد. در ضمن قاعده همفکری ها جوابگوی سئوالات زیاد شاید باشد، آنچنان که لازم بود طراحی گرافیکی خوب بود. کتابهای زیادی شرایط سخت ، دشوار و کمی در سالهای دور لازم است. هدف از این نسخه فرهنگ پس از آن و دستاوردهای خوب شاید باشد. حروفچینی لازم در شرایط فعلی لازمه تکنولوژی بود که گذشته، حال و آینده را شامل گردد. سی و پنج درصد از طراحان در قرن پانزدهم میبایست پرینتر در ستون و سطر حروف لازم است، بلکه شناخت این ابزار گاه اساسا بدون هدف بود و سئوالهای زیادی در گذشته بوجود می آید، تنها لازمه آن بود. \r\n\r\nلورم ایپسوم متنی است که ساختگی برای طراحی و چاپ آن مورد است. صنعت چاپ زمانی لازم بود شرایطی شما باید فکر ثبت نام و طراحی، لازمه خروج می باشد. در ضمن قاعده همفکری ها جوابگوی سئوالات زیاد شاید باشد، آنچنان که لازم بود طراحی گرافیکی خوب بود. کتابهای زیادی شرایط سخت ، دشوار و کمی در سالهای دور لازم است. هدف از این نسخه فرهنگ پس از آن و دستاوردهای خوب شاید باشد. حروفچینی لازم در شرایط فعلی لازمه تکنولوژی بود که گذشته، حال و آینده را شامل گردد. سی و پنج درصد از طراحان در قرن پانزدهم میبایست پرینتر در ستون و سطر حروف لازم است، بل\r\n', 10, 1),
(2, 'cpu 8 هسته ایی core i 7', 224, 4, 5, 1000000, 'لورم ایپسوم متنی است که ساختگی برای طراحی و چاپ آن مورد است. صنعت چاپ زمانی لازم بود شرایطی شما باید فکر ثبت نام و طراحی، لازمه خروج می باشد. در ضمن قاعده همفکری ها جوابگوی سئوالات زیاد شاید باشد، آنچنان که لازم بود طراحی گرافیکی خوب بود. کتابهای زیادی شرایط سخت ، دشوار و کمی در سالهای دور لازم است. هدف از این نسخه فرهنگ پس از آن و دستاوردهای خوب شاید باشد. حروفچینی لازم در شرایط فعلی لازمه تکنولوژی بود که گذشته، حال و آینده را شامل گردد. سی و پنج درصد از طراحان در قرن پانزدهم میبایست پرینتر در ستون و سطر حروف لازم است، بلکه شناخت این ابزار گاه اساسا بدون هدف بود و سئوالهای زیادی در گذشته بوجود می آید، تنها لازمه آن بود. \r\n\r\nلورم ایپسوم متنی است که ساختگی برای طراحی و چاپ آن مورد است. صنعت چاپ زمانی لازم بود شرایطی شما باید فکر ثبت نام و طراحی، لازمه خروج می باشد. در ضمن قاعده همفکری ها جوابگوی سئوالات زیاد شاید باشد، آنچنان که لازم بود طراحی گرافیکی خوب بود. کتابهای زیادی شرایط سخت ، دشوار و کمی در سالهای دور لازم است. هدف از این نسخه فرهنگ پس از آن و دستاوردهای خوب شاید باشد. حروفچینی لازم در شرایط فعلی لازمه تکنولوژی بود که گذشته، حال و آینده را شامل گردد. سی و پنج درصد از طراحان در قرن پانزدهم میبایست پرینتر در ستون و سطر حروف لازم است، بل\r\n', 10, 1),
(3, 'هارد دیسک sygate', 300, 6, 7, 340000, 'لورم ایپسوم متنی است که ساختگی برای طراحی و چاپ آن مورد است. صنعت چاپ زمانی لازم بود شرایطی شما باید فکر ثبت نام و طراحی، لازمه خروج می باشد. در ضمن قاعده همفکری ها جوابگوی سئوالات زیاد شاید باشد، آنچنان که لازم بود طراحی گرافیکی خوب بود. کتابهای زیادی شرایط سخت ، دشوار و کمی در سالهای دور لازم است. هدف از این نسخه فرهنگ پس از آن و دستاوردهای خوب شاید باشد. حروفچینی لازم در شرایط فعلی لازمه تکنولوژی بود که گذشته، حال و آینده را شامل گردد. سی و پنج درصد از طراحان در قرن پانزدهم میبایست پرینتر در ستون و سطر حروف لازم است، بلکه شناخت این ابزار گاه اساسا بدون هدف بود و سئوالهای زیادی در گذشته بوجود می آید، تنها لازمه آن بود. \r\n\r\nلورم ایپسوم متنی است که ساختگی برای طراحی و چاپ آن مورد است. صنعت چاپ زمانی لازم بود شرایطی شما باید فکر ثبت نام و طراحی، لازمه خروج می باشد. در ضمن قاعده همفکری ها جوابگوی سئوالات زیاد شاید باشد، آنچنان که لازم بود طراحی گرافیکی خوب بود. کتابهای زیادی شرایط سخت ، دشوار و کمی در سالهای دور لازم است. هدف از این نسخه فرهنگ پس از آن و دستاوردهای خوب شاید باشد. حروفچینی لازم در شرایط فعلی لازمه تکنولوژی بود که گذشته، حال و آینده را شامل گردد. سی و پنج درصد از طراحان در قرن پانزدهم میبایست پرینتر در ستون و سطر حروف لازم است، بل\r\n', 10, 1),
(4, 'ram 16 kingston', 456, 1, 1, 213000, 'لورم ایپسوم متنی است که ساختگی برای طراحی و چاپ آن مورد است. صنعت چاپ زمانی لازم بود شرایطی شما باید فکر ثبت نام و طراحی، لازمه خروج می باشد. در ضمن قاعده همفکری ها جوابگوی سئوالات زیاد شاید باشد، آنچنان که لازم بود طراحی گرافیکی خوب بود. کتابهای زیادی شرایط سخت ، دشوار و کمی در سالهای دور لازم است. هدف از این نسخه فرهنگ پس از آن و دستاوردهای خوب شاید باشد. حروفچینی لازم در شرایط فعلی لازمه تکنولوژی بود که گذشته، حال و آینده را شامل گردد. سی و پنج درصد از طراحان در قرن پانزدهم میبایست پرینتر در ستون و سطر حروف لازم است، بلکه شناخت این ابزار گاه اساسا بدون هدف بود و سئوالهای زیادی در گذشته بوجود می آید، تنها لازمه آن بود. \r\n\r\nلورم ایپسوم متنی است که ساختگی برای طراحی و چاپ آن مورد است. صنعت چاپ زمانی لازم بود شرایطی شما باید فکر ثبت نام و طراحی، لازمه خروج می باشد. در ضمن قاعده همفکری ها جوابگوی سئوالات زیاد شاید باشد، آنچنان که لازم بود طراحی گرافیکی خوب بود. کتابهای زیادی شرایط سخت ، دشوار و کمی در سالهای دور لازم است. هدف از این نسخه فرهنگ پس از آن و دستاوردهای خوب شاید باشد. حروفچینی لازم در شرایط فعلی لازمه تکنولوژی بود که گذشته، حال و آینده را شامل گردد. سی و پنج درصد از طراحان در قرن پانزدهم میبایست پرینتر در ستون و سطر حروف لازم است، بل\r\n', 10, 1),
(5, 'cpu 8 هسته ایی', 321, 4, 6, 2233000, 'لورم ایپسوم متنی است که ساختگی برای طراحی و چاپ آن مورد است. صنعت چاپ زمانی لازم بود شرایطی شما باید فکر ثبت نام و طراحی، لازمه خروج می باشد. در ضمن قاعده همفکری ها جوابگوی سئوالات زیاد شاید باشد، آنچنان که لازم بود طراحی گرافیکی خوب بود. کتابهای زیادی شرایط سخت ، دشوار و کمی در سالهای دور لازم است. هدف از این نسخه فرهنگ پس از آن و دستاوردهای خوب شاید باشد. حروفچینی لازم در شرایط فعلی لازمه تکنولوژی بود که گذشته، حال و آینده را شامل گردد. سی و پنج درصد از طراحان در قرن پانزدهم میبایست پرینتر در ستون و سطر حروف لازم است، بلکه شناخت این ابزار گاه اساسا بدون هدف بود و سئوالهای زیادی در گذشته بوجود می آید، تنها لازمه آن بود. \r\n\r\nلورم ایپسوم متنی است که ساختگی برای طراحی و چاپ آن مورد است. صنعت چاپ زمانی لازم بود شرایطی شما باید فکر ثبت نام و طراحی، لازمه خروج می باشد. در ضمن قاعده همفکری ها جوابگوی سئوالات زیاد شاید باشد، آنچنان که لازم بود طراحی گرافیکی خوب بود. کتابهای زیادی شرایط سخت ، دشوار و کمی در سالهای دور لازم است. هدف از این نسخه فرهنگ پس از آن و دستاوردهای خوب شاید باشد. حروفچینی لازم در شرایط فعلی لازمه تکنولوژی بود که گذشته، حال و آینده را شامل گردد. سی و پنج درصد از طراحان در قرن پانزدهم میبایست پرینتر در ستون و سطر حروف لازم است، بل\r\n', 10, 1),
(6, 'mother borad asus', 452, 2, 8, 813000, 'لورم ایپسوم متنی است که ساختگی برای طراحی و چاپ آن مورد است. صنعت چاپ زمانی لازم بود شرایطی شما باید فکر ثبت نام و طراحی، لازمه خروج می باشد. در ضمن قاعده همفکری ها جوابگوی سئوالات زیاد شاید باشد، آنچنان که لازم بود طراحی گرافیکی خوب بود. کتابهای زیادی شرایط سخت ، دشوار و کمی در سالهای دور لازم است. هدف از این نسخه فرهنگ پس از آن و دستاوردهای خوب شاید باشد. حروفچینی لازم در شرایط فعلی لازمه تکنولوژی بود که گذشته، حال و آینده را شامل گردد. سی و پنج درصد از طراحان در قرن پانزدهم میبایست پرینتر در ستون و سطر حروف لازم است، بلکه شناخت این ابزار گاه اساسا بدون هدف بود و سئوالهای زیادی در گذشته بوجود می آید، تنها لازمه آن بود. \r\n\r\nلورم ایپسوم متنی است که ساختگی برای طراحی و چاپ آن مورد است. صنعت چاپ زمانی لازم بود شرایطی شما باید فکر ثبت نام و طراحی، لازمه خروج می باشد. در ضمن قاعده همفکری ها جوابگوی سئوالات زیاد شاید باشد، آنچنان که لازم بود طراحی گرافیکی خوب بود. کتابهای زیادی شرایط سخت ، دشوار و کمی در سالهای دور لازم است. هدف از این نسخه فرهنگ پس از آن و دستاوردهای خوب شاید باشد. حروفچینی لازم در شرایط فعلی لازمه تکنولوژی بود که گذشته، حال و آینده را شامل گردد. سی و پنج درصد از طراحان در قرن پانزدهم میبایست پرینتر در ستون و سطر حروف لازم است، بل\r\n', 10, 1),
(7, 'cpu 8 هسته ایی core i 7', 227, 4, 5, 999900, '', 10, 0),
(8, 'cpu 16 هسته ایی core i 2', 229, 4, 5, 889900, '', 10, 1),
(9, 'رم 8 گیگ کینگستون', 234, 1, 1, 100000, '', 10, 1);

-- --------------------------------------------------------

--
-- Table structure for table `user`
--

DROP TABLE IF EXISTS `user`;
CREATE TABLE IF NOT EXISTS `user` (
  `id` int(11) NOT NULL AUTO_INCREMENT,
  `username` varchar(70) COLLATE utf8_persian_ci NOT NULL,
  `password` varchar(70) COLLATE utf8_persian_ci NOT NULL,
  PRIMARY KEY (`id`)
) ENGINE=MyISAM AUTO_INCREMENT=19 DEFAULT CHARSET=utf8 COLLATE=utf8_persian_ci;

--
-- Dumping data for table `user`
--

INSERT INTO `user` (`id`, `username`, `password`) VALUES
(1, 'mohammad', '123'),
(18, 'ho', '123'),
(17, 'ali', '321'),
(16, 'ali', '123');
COMMIT;

/*!40101 SET CHARACTER_SET_CLIENT=@OLD_CHARACTER_SET_CLIENT */;
/*!40101 SET CHARACTER_SET_RESULTS=@OLD_CHARACTER_SET_RESULTS */;
/*!40101 SET COLLATION_CONNECTION=@OLD_COLLATION_CONNECTION */;
